447.9745476;-156.5357143;1;1
452.9745476;-155.5833333;1;1
456.5459762;-155.1071429;1;1
459.8793095;-152.25;1;1
462.4983571;-148.9166667;1;1
464.1650238;-145.3452381;1;1
462.2602619;-147.4880952;1;1
451.5459762;-152.25;1;1
447.0221667;-152.25;1;1
455.5935952;-145.8214286;1;1
453.9269286;-141.7738095;1;1
450.3555;-150.3452381;1;1
461.5459762;-142.0119048;1;1
461.5459762;-136.7738095;1;1
454.1650238;-136.7738095;1;1
458.2126429;-141.5357143;1;1
462.4983571;-128.9166667;1;1
461.0697857;-123.9166667;1;1
454.8793095;-124.3928571;1;1
455.1174048;-122.0119048;1;1
450.1174048;-117.25;1;1
445.5935952;-117.0119048;1;1
445.1174048;-120.1071429;1;1
440.8316905;-123.202381;1;1
433.6888333;-127.25;1;1
432.4983571;-121.7738095;1;1
428.2126429;-119.1547619;1;1
424.6412143;-113.9166667;1;1
426.0697857;-112.25;1;1
424.1650238;-124.1547619;1;1
429.6412143;-131.297619;1;1
437.0221667;-141.297619;1;1
438.2126429;-146.0595238;1;1
427.4983571;-131.0595238;1;1
418.9269286;-136.297619;1;1
411.7840714;-133.202381;1;1
412.0221667;-141.7738095;1;1
410.8316905;-150.3452381;1;1
407.2602619;-155.8214286;1;1
404.403119;-142.7261905;1;1
402.0221667;-135.5833333;1;1
393.6888333;-141.0595238;1;1
393.6888333;-146.0595238;1;1
388.4507381;-147.9642857;1;1
388.6888333;-136.0595238;1;1
380.5935952;-134.3928571;1;1
385.8316905;-128.6785714;1;1
390.5935952;-121.0595238;1;1
391.307881;-115.3452381;1;1
382.2602619;-107.9642857;1;1
378.2126429;-105.1071429;1;1
377.0221667;-100.5833333;1;1
374.8793095;-97.72619048;1;1
370.3555;-96.05952381;1;1
371.307881;-90.82142857;1;1
369.6412143;-84.86904762;1;1
367.0221667;-80.3452381;1;1
364.8793095;-75.10714286;1;1
367.9745476;-79.86904762;1;1
372.9745476;-85.3452381;1;1
379.6412143;-87.96428571;1;1
386.7840714;-90.58333333;1;1
382.9745476;-86.53571429;1;1
375.1174048;-80.3452381;1;1
366.307881;-84.39285714;1;1
361.5459762;-93.20238095;1;1
354.8793095;-97.96428571;1;1
354.403119;-103.202381;1;1
358.9269286;-106.5357143;1;1
357.9745476;-108.9166667;1;1
353.2126429;-112.25;1;1
352.2602619;-116.297619;1;1
350.5935952;-120.1071429;1;1
349.403119;-123.6785714;1;1
344.8793095;-125.1071429;1;1
344.403119;-128.9166667;1;1
348.2126429;-132.25;1;1
351.307881;-136.7738095;1;1
349.6412143;-140.1071429;1;1
346.7840714;-143.9166667;1;1
344.403119;-147.7261905;1;1
342.4983571;-149.1547619;1;1
341.5459762;-146.7738095;1;1
340.5935952;-142.25;1;1
340.3555;-140.3452381;1;1
344.403119;-137.4880952;1;1
354.8793095;-138.6785714;1;1
360.5935952;-141.5357143;1;1
362.2602619;-144.8690476;1;1
360.8316905;-150.5833333;1;1
356.307881;-153.4404762;1;1
351.0697857;-155.1071429;1;1
353.6888333;-155.1071429;1;1
365.8316905;-151.297619;1;1
371.5459762;-150.1071429;1;1
376.0697857;-151.5357143;1;1
377.4983571;-152.4880952;1;1
353.2126429;-163.4404762;1;1
346.307881;-164.1547619;1;1
339.1650238;-164.8690476;1;1
331.0697857;-147.25;1;1
332.7364524;-137.25;1;1
333.4507381;-132.25;1;1
378.4507381;-143.4404762;1;1
392.4983571;-162.0119048;1;1
394.6412143;-161.0595238;1;1
389.7155167;-162.25;1;1
395.54885;-156.9166667;1;1
392.04885;-157.5833333;1;1
420.2155167;-148.4166667;1;1
418.54885;-148.4166667;1;1
417.54885;-148.4166667;1;1
416.3821833;-148.25;1;1
415.04885;-147.75;1;1
413.8821833;-147.4166667;1;1
412.3821833;-146.75;1;1
408.54885;-131.5833333;1;1
408.7155167;-132.4166667;1;1
409.2155167;-133.9166667;1;1
410.7155167;-129.0833333;1;1
411.3821833;-129.4166667;1;1
412.54885;-129.75;1;1
411.3821833;-124.9166667;1;1
412.54885;-124.9166667;1;1
414.8821833;-124.9166667;1;1
436.8821833;-115.0833333;1;1
436.54885;-116.0833333;1;1
436.54885;-117.9166667;1;1
443.04885;-130.4166667;1;1
443.04885;-132.0833333;1;1
442.8821833;-134.0833333;1;1
442.8821833;-136.25;1;1
444.7155167;-137.9166667;1;1
446.8821833;-137.4166667;1;1
446.54885;-140.9166667;1;1
441.7155167;-139.4166667;1;1
436.2155167;-134.75;1;1
432.3821833;-133.75;1;1
438.2155167;-127.9166667;1;1
455.8821833;-127.0833333;1;1
457.7155167;-130.0833333;1;1
458.8821833;-127.9166667;1;1
464.04885;-124.75;1;1
463.3821833;-119.9166667;1;1
458.54885;-119.5833333;1;1
451.2155167;-115.5833333;1;1
453.04885;-115.5833333;1;1
455.3821833;-115.5833333;1;1
456.8821833;-115.75;1;1
458.3821833;-116.0833333;1;1
459.7155167;-116.75;1;1
461.8821833;-116.9166667;1;1
463.8821833;-117.0833333;1;1
465.04885;-117.4166667;1;1
447.2155167;-114.75;1;1
445.04885;-113.9166667;1;1
449.7155167;-155.9166667;1;1
454.3821833;-156.4166667;1;1
458.3821833;-155.4166667;1;1
460.7155167;-153.5833333;1;1
462.54885;-152.25;1;1
458.04885;-151.25;1;1
457.3821833;-153.25;1;1
454.8821833;-153.25;1;1
454.8821833;-151.25;1;1
368.8821833;-129.75;1;1
369.3821833;-126.5833333;1;1
366.8821833;-129.25;1;1
363.8821833;-129.4166667;1;1
366.7155167;-126.75;1;1
379.04885;-96.08333333;1;1
380.54885;-97.91666667;1;1
377.7155167;-97.25;1;1
375.7155167;-99.25;1;1
372.54885;-99.08333333;1;1
371.7155167;-100.25;1;1
370.8821833;-101.4166667;1;1
370.04885;-103.25;1;1
368.2155167;-106.5833333;1;1
393.54885;-104.0833333;1;1
392.3821833;-105.0833333;1;1
391.7155167;-105.75;1;1
390.8821833;-106.75;1;1
379.7155167;-116.25;1;1
379.7155167;-114.4166667;1;1
379.7155167;-112.9166667;1;1
379.7155167;-111.0833333;1;1
347.3821833;-110.9166667;1;1
347.8821833;-108.5833333;1;1
346.7155167;-106.25;1;1
347.04885;-104.9166667;1;1
346.2155167;-101.75;1;1
346.7155167;-97.58333333;1;1
347.04885;-95.58333333;1;1
348.3821833;-95.41666667;1;1
340.04885;-136.5833333;1;1
340.3821833;-136.9166667;1;1
341.54885;-137.25;1;1
342.2155167;-137.75;1;1
344.54885;-154.9166667;1;1
343.3821833;-154.5833333;1;1
342.3821833;-154.5833333;1;1
341.54885;-153.9166667;1;1
341.8821833;-152.4166667;1;1
344.8821833;-151.75;1;1
366.54885;-158.4166667;1;1
368.04885;-158.75;1;1
371.8821833;-164.25;1;1
379.7155167;-166.0833333;1;1
380.54885;-155.25;1;1
376.8821833;-142.75;1;1
376.3821833;-141.9166667;1;1
376.54885;-134.0833333;1;1
379.04885;-120.4166667;1;1
380.54885;-120.25;1;1
381.2155167;-121.0833333;1;1
382.8821833;-120.9166667;1;1
390.04885;-107.75;1;1
389.8821833;-109.25;1;1
389.7155167;-110.9166667;1;1
387.8821833;-111.5833333;1;1
387.7155167;-110.9166667;1;1
386.04885;-111.0833333;1;1
386.04885;-109.5833333;1;1
386.3821833;-108.0833333;1;1
385.8821833;-106.25;1;1
382.3821833;-105.75;1;1
352.54885;-157.75;1;1
351.3821833;-158.9166667;1;1
350.04885;-159.0833333;1;1
350.04885;-157.4166667;1;1
351.3821833;-152.9166667;1;1
352.8821833;-152.75;1;1
353.8821833;-143.25;1;1
352.8821833;-141.5833333;1;1
352.8821833;-140.4166667;1;1
353.04885;-138.5833333;1;1
353.04885;-135.75;1;1
350.3821833;-132.4166667;1;1
347.54885;-123.25;1;1
347.7155167;-121.75;1;1
348.2155167;-120.75;1;1
348.7155167;-118.9166667;1;1
344.04885;-119.9166667;1;1
343.2155167;-120.4166667;1;1
342.54885;-122.0833333;1;1
430.8821833;-140.75;1;1
433.54885;-143.5833333;1;1
434.8821833;-149.0833333;1;1
436.3821833;-149.5833333;1;1
439.2155167;-149.5833333;1;1
443.54885;-146.4166667;1;1
427.3821833;-146.4166667;1;1
427.3821833;-145.25;1;1
427.2155167;-143.5833333;1;1
427.2155167;-142.9166667;1;1
429.8821833;-145.25;1;1
430.04885;-144.4166667;1;1
430.54885;-142.75;1;1
430.54885;-141.9166667;1;1
422.7155167;-142.9166667;1;1
422.3821833;-143.4166667;1;1
422.2155167;-144.9166667;1;1
426.8821833;-144.5833333;1;1
412.7155167;-125.4166667;1;1
415.2155167;-126.4166667;1;1
418.04885;-126.75;1;1
418.7155167;-129.4166667;1;1
416.54885;-129.5833333;1;1
393.7155167;-125.75;1;1
392.54885;-127.0833333;1;1
392.04885;-127.9166667;1;1
395.04885;-128.4166667;1;1
395.3821833;-130.5833333;1;1
397.3821833;-131.5833333;1;1
396.8821833;-129.4166667;1;1
392.8821833;-125.0833333;1;1
390.3821833;-124.25;1;1
390.3821833;-123.75;1;1
391.8821833;-122.5833333;1;1
392.8821833;-121.25;1;1
392.8821833;-120.25;1;1
398.04885;-118.25;1;1
395.8821833;-116.0833333;1;1
395.7155167;-115.0833333;1;1
396.2155167;-111.75;1;1
395.54885;-110.25;1;1
384.04885;-121.0833333;1;1
381.04885;-120.9166667;1;1
382.8821833;-119.0833333;1;1
384.04885;-123.5833333;1;1
384.7155167;-125.5833333;1;1
385.2155167;-126.25;1;1
386.04885;-124.5833333;1;1
380.54885;-113.25;1;1
377.7155167;-112.75;1;1
376.2155167;-111.5833333;1;1
378.04885;-109.5833333;1;1
372.54885;-114.0833333;1;1
374.04885;-113.5833333;1;1
374.04885;-113.5833333;1;1
374.7155167;-112.75;1;1
366.04885;-81.41666667;1;1
388.7155167;-99.75;1;1
387.7155167;-100.75;1;1
386.7155167;-102.4166667;1;1
391.3821833;-102.0833333;1;1
392.8821833;-101.75;1;1
393.7155167;-100.9166667;1;1
414.8821833;-151.9166667;1;1
418.2155167;-150.9166667;1;1
417.54885;-146.9166667;1;1
416.7155167;-131.0833333;1;1
418.3821833;-131.75;1;1
419.04885;-129.9166667;1;1
417.54885;-128.25;1;1
414.8821833;-129.9166667;1;1
417.3821833;-131.25;1;1
424.8821833;-128.25;1;1
427.7155167;-126.4166667;1;1
430.04885;-124.5833333;1;1
438.54885;-131.75;1;1
439.2155167;-133.0833333;1;1
443.7155167;-135.9166667;1;1
446.7155167;-138.4166667;1;1
447.7155167;-140.75;1;1
450.7155167;-143.9166667;1;1
451.8821833;-146.25;1;1
454.7155167;-149.25;1;1
456.54885;-148.9166667;1;1
460.2155167;-145.4166667;1;1
464.04885;-141.0833333;1;1
465.2155167;-138.25;1;1
464.7155167;-135.25;1;1
465.54885;-132.75;1;1
462.7155167;-132.9166667;1;1
458.8821833;-132.4166667;1;1
459.04885;-130.75;1;1
459.04885;-127.0833333;1;1
459.04885;-124.9166667;1;1
457.54885;-120.0833333;1;1
460.3821833;-118.0833333;1;1
465.04885;-117.5833333;1;1
465.04885;-119.25;1;1
465.04885;-121.5833333;1;1
465.2155167;-122.9166667;1;1
465.2155167;-123.9166667;1;1
465.3821833;-124.0833333;1;1
456.7155167;-130.25;1;1
451.8821833;-127.75;1;1
451.2155167;-124.5833333;1;1
446.8821833;-124.25;1;1
440.04885;-125.4166667;1;1
438.54885;-128.9166667;1;1
436.2155167;-130.9166667;1;1
360.54885;-156.4166667;1;1
361.7155167;-154.75;1;1
362.3821833;-153.75;1;1
362.2155167;-157.25;1;1
362.2155167;-157.9166667;1;1
362.8821833;-149.4166667;1;1
364.54885;-147.0833333;1;1
369.2155167;-144.4166667;1;1
370.3821833;-144.0833333;1;1
450.04885;-137.75;1;1
450.2155167;-139.25;1;1
451.3821833;-141.9166667;1;1
450.3821833;-142.9166667;1;1
453.8821833;-143.5833333;1;1
456.04885;-141.25;1;1
456.54885;-139.9166667;1;1
458.04885;-143.4166667;1;1
457.2155167;-146.0833333;1;1
452.04885;-146.9166667;1;1
449.3821833;-146.0833333;1;1
447.8821833;-142.25;1;1
444.04885;-139.9166667;1;1
440.3821833;-136.25;1;1
439.8821833;-131.9166667;1;1
440.54885;-127.0833333;1;1
443.2155167;-123.25;1;1
446.54885;-121.75;1;1
447.54885;-121.75;1;1
443.3821833;-125.75;1;1
440.2155167;-127.75;1;1
437.54885;-127.9166667;1;1
436.3821833;-130.4166667;1;1
434.8821833;-132.4166667;1;1
435.04885;-133.25;1;1
436.8821833;-134.5833333;1;1
440.04885;-135.5833333;1;1
444.7155167;-136.5833333;1;1
451.04885;-137.9166667;1;1
458.04885;-132.75;1;1
463.54885;-132.25;1;1
464.54885;-128.0833333;1;1
465.8821833;-139.25;1;1
466.04885;-140.5833333;1;1
466.7155167;-142.75;1;1
467.2155167;-137.25;1;1
464.54885;-131.4166667;1;1
465.54885;-124.75;1;1
463.7155167;-120.75;1;1
460.54885;-121.9166667;1;1
457.04885;-122.75;1;1
455.3821833;-124.4166667;1;1
451.54885;-122.75;1;1
449.3821833;-120.25;1;1
452.54885;-118.5833333;1;1
458.8821833;-118.25;1;1
461.04885;-119.9166667;1;1
463.8821833;-121.25;1;1
464.2155167;-124.75;1;1
464.54885;-129.25;1;1
464.3821833;-133.5833333;1;1
463.8821833;-136.5833333;1;1
458.3821833;-134.75;1;1
450.04885;-143.9166667;1;1
446.3821833;-146.4166667;1;1
440.8821833;-149.9166667;1;1
437.7155167;-149.5833333;1;1
435.2155167;-148.4166667;1;1
434.54885;-149.0833333;1;1
433.7155167;-149.4166667;1;1
433.2155167;-147.75;1;1
433.2155167;-145.25;1;1
433.54885;-144.5833333;1;1
435.3821833;-145.0833333;1;1
435.3821833;-148.25;1;1
435.04885;-149.0833333;1;1
438.3821833;-149.0833333;1;1
442.7155167;-149.0833333;1;1
444.54885;-148.4166667;1;1
431.2155167;-146.0833333;1;1
431.3821833;-143.25;1;1
431.54885;-142.4166667;1;1
430.04885;-146.9166667;1;1
429.2155167;-145.4166667;1;1
427.2155167;-144.25;1;1
425.7155167;-143.5833333;1;1
423.54885;-144.9166667;1;1
423.54885;-143.25;1;1
422.8821833;-143.25;1;1
418.8821833;-145.4166667;1;1
418.2155167;-141.75;1;1
417.2155167;-137.25;1;1
417.04885;-131.9166667;1;1
417.3821833;-129.0833333;1;1
418.54885;-127.0833333;1;1
350.7622125;-121.9583333;1;1
371.5538792;-105.0833333;1;1
373.2205458;-104.3333333;1;1
374.0538792;-102.875;1;1
374.3872125;-101.4583333;1;1
373.7622125;-98.70833333;1;1
372.5955458;-97.25;1;1
370.6372125;-98.375;1;1
372.7622125;-95.83333333;1;1
373.7622125;-93.91666667;1;1
375.1788792;-92.16666667;1;1
383.0955458;-94.20833333;1;1
387.3038792;-101.5;1;1
384.8038792;-102.5416667;1;1
384.4705458;-103.8333333;1;1
381.8455458;-103.8333333;1;1
372.4705458;-110.875;1;1
370.3038792;-111.6666667;1;1
369.0122125;-112.75;1;1
369.1372125;-114.8333333;1;1
369.1372125;-117.375;1;1
367.6372125;-124.875;1;1
368.2622125;-126.9166667;1;1
365.9705458;-127.7916667;1;1
364.2622125;-126.4166667;1;1
365.6788792;-124.5416667;1;1
358.8455458;-112.2083333;1;1
356.2622125;-112.125;1;1
354.3455458;-109.0833333;1;1
347.0538792;-112.9583333;1;1
345.1788792;-120.875;1;1
345.1372125;-119.5;1;1
344.8038792;-118.0416667;1;1
344.8038792;-116.2916667;1;1
345.1372125;-114.375;1;1
345.4288792;-111.3333333;1;1
346.0955458;-109.4166667;1;1
349.7622125;-106.5416667;1;1
351.0538792;-104.9166667;1;1
351.3872125;-102.625;1;1
351.8872125;-99.125;1;1
350.5538792;-95.79166667;1;1
355.4705458;-94.75;1;1
357.5955458;-94.33333333;1;1
357.0538792;-96.41666667;1;1
355.2622125;-100.5416667;1;1
357.0955458;-102;1;1
355.4288792;-107.6666667;1;1
355.7622125;-118;1;1
353.7205458;-119.5833333;1;1
351.4288792;-123.375;1;1
351.7622125;-125.8333333;1;1
352.1788792;-132.4166667;1;1
344.0955458;-138.6666667;1;1
345.3455458;-139.9583333;1;1
347.0122125;-141.7916667;1;1
349.1372125;-143.4166667;1;1
352.7205458;-143.9166667;1;1
346.0538792;-153.4583333;1;1
346.7622125;-154.7916667;1;1
345.3872125;-149.4583333;1;1
342.6372125;-149.4166667;1;1
340.8455458;-147;1;1
339.2622125;-146.625;1;1
337.8038792;-146.0416667;1;1
338.5955458;-144;1;1
341.0538792;-143.625;1;1
353.8455458;-158.7083333;1;1
352.5538792;-159.5833333;1;1
352.4288792;-160.1666667;1;1
358.1788792;-159.75;1;1
360.5122125;-159.4583333;1;1
360.8455458;-158.4166667;1;1
358.8038792;-153.5416667;1;1
361.1372125;-152;1;1
364.6372125;-153.625;1;1
364.3872125;-155.4166667;1;1
364.3455458;-156.6666667;1;1
369.7205458;-152.4583333;1;1
369.8038792;-149.9583333;1;1
369.8455458;-149.25;1;1
372.3038792;-148.2916667;1;1
375.1372125;-147.875;1;1
374.0538792;-146.875;1;1
356.5538792;-161.9583333;1;1
358.5955458;-161.875;1;1
359.9705458;-161.8333333;1;1
360.6788792;-161.5;1;1
361.6788792;-161.25;1;1
363.0955458;-161.125;1;1
364.0538792;-161.0416667;1;1
364.7622125;-160.8333333;1;1
365.7205458;-160.75;1;1
366.6788792;-160.7083333;1;1
367.3872125;-160.7083333;1;1
368.3455458;-160.5416667;1;1
369.2205458;-160.4166667;1;1
370.0538792;-160.0833333;1;1
382.2205458;-152.9583333;1;1
384.0538792;-153.5416667;1;1
386.6372125;-152.2916667;1;1
389.1788792;-152.4583333;1;1
389.2205458;-152.875;1;1
393.5122125;-154.2916667;1;1
394.4288792;-153.2916667;1;1
395.8455458;-153.1666667;1;1
398.8455458;-153.25;1;1
398.8038792;-154;1;1
398.0955458;-155.7916667;1;1
397.6372125;-157.25;1;1
396.5122125;-159.2916667;1;1
385.0955458;-145.0416667;1;1
385.3872125;-144.0416667;1;1
386.0955458;-143.5416667;1;1
379.0122125;-141.4166667;1;1
379.4288792;-140.7916667;1;1
385.5955458;-138.5833333;1;1
382.6788792;-135.7916667;1;1
382.8872125;-137.1666667;1;1
382.2622125;-138.3333333;1;1
380.0538792;-138.5;1;1
377.9288792;-137.75;1;1
379.3038792;-136.625;1;1
380.8872125;-136;1;1
382.3038792;-135.2916667;1;1
381.9705458;-134.5;1;1
382.1788792;-132.3333333;1;1
380.5538792;-131.1666667;1;1
378.0122125;-130.1666667;1;1
378.1788792;-129.6666667;1;1
381.4705458;-129.7916667;1;1
395.5538792;-133.4583333;1;1
402.9288792;-133.5;1;1
404.5538792;-134.8333333;1;1
405.8455458;-135.875;1;1
406.9705458;-136.875;1;1
407.8872125;-138.5833333;1;1
409.3455458;-139.2916667;1;1
410.9705458;-138.625;1;1
412.6372125;-137.2083333;1;1
413.8455458;-135.4166667;1;1
414.3455458;-133.7916667;1;1
413.8038792;-132.6666667;1;1
413.8038792;-132.6666667;1;1
421.0538792;-121.25;1;1
421.0538792;-119.5416667;1;1
421.0538792;-117.4583333;1;1
421.4705458;-116.5;1;1
421.6372125;-115.0833333;1;1
421.8872125;-113.4583333;1;1
422.5122125;-111.8333333;1;1
423.2622125;-110.5833333;1;1
424.0122125;-110.3333333;1;1
426.8455458;-110.4583333;1;1
428.3038792;-111.75;1;1
428.6788792;-113.8333333;1;1
428.9288792;-115.625;1;1
428.9705458;-115.8333333;1;1
431.3455458;-117.7916667;1;1
429.9288792;-119.125;1;1
428.1788792;-122.2916667;1;1
425.2622125;-122.0833333;1;1
423.5538792;-118.875;1;1
435.7205458;-115;1;1
434.6372125;-114.7916667;1;1
433.5538792;-114.2916667;1;1
439.1372125;-115.2916667;1;1
441.1372125;-115.7083333;1;1
438.8038792;-121.1666667;1;1
445.8038792;-127.0833333;1;1
447.5955458;-126.875;1;1
449.1788792;-125.875;1;1
449.4288792;-123.4583333;1;1
449.7622125;-121.875;1;1
451.2622125;-120.1666667;1;1
451.3038792;-122.7916667;1;1
453.1788792;-131;1;1
454.0538792;-132.6666667;1;1
454.6372125;-133.9583333;1;1
455.8455458;-135;1;1
455.5122125;-137.125;1;1
454.3455458;-139;1;1
452.2205458;-140.1666667;1;1
450.9705458;-140.5833333;1;1
449.1372125;-139.25;1;1
448.8872125;-138.5;1;1
448.0538792;-137.75;1;1
447.6788792;-138.9583333;1;1
444.7622125;-141.7916667;1;1
444.9705458;-142.5416667;1;1
444.6788792;-142.4583333;1;1
423.8455458;-146.6666667;1;1
424.0538792;-146.125;1;1
424.1372125;-145.4583333;1;1
424.3455458;-144.9583333;1;1
424.4705458;-144.25;1;1
424.6372125;-143.3333333;1;1
424.8038792;-142.1666667;1;1
424.9705458;-141.2916667;1;1
425.0122125;-140.1666667;1;1
433.1788792;-151;1;1
433.5955458;-151.5833333;1;1
434.8872125;-151.375;1;1
435.3038792;-150.6666667;1;1
436.0538792;-150.6666667;1;1
448.4705458;-153.625;1;1
450.3872125;-153.4166667;1;1
452.3455458;-152.6666667;1;1
464.1372125;-143;1;1
465.0122125;-143.6666667;1;1
466.2205458;-144.5;1;1
463.2205458;-148.9583333;1;1
464.8455458;-148.75;1;1
467.8038792;-141.7916667;1;1
467.8455458;-140.5;1;1
467.8455458;-139.0833333;1;1
467.5538792;-133.8333333;1;1
467.3455458;-131.6666667;1;1
467.3038792;-128.7083333;1;1
467.0538792;-127.3333333;1;1
465.1372125;-126.5;1;1
462.7205458;-126.4583333;1;1
461.9705458;-125.3333333;1;1
462.3872125;-123.875;1;1
461.9288792;-122.2916667;1;1
461.7205458;-122;1;1
456.4705458;-131.9166667;1;1
436.7622125;-137.1666667;1;1
411.0955458;-152.375;1;1
401.9288792;-145.6666667;1;1
407.1372125;-135.875;1;1
419.5538792;-122.875;1;1
394.5538792;-120.6666667;1;1
394.3038792;-120.4583333;1;1
393.5538792;-119.75;1;1
392.9705458;-119.0833333;1;1
396.1372125;-119.125;1;1
395.5122125;-118.875;1;1
394.2205458;-118;1;1
393.4705458;-117.2083333;1;1
394.6788792;-122.125;1;1
394.1372125;-122.25;1;1
393.1372125;-122.5416667;1;1
392.6372125;-123.1666667;1;1
391.9705458;-123.625;1;1
391.5122125;-124.2916667;1;1
390.9705458;-125.4166667;1;1
390.4705458;-125.9583333;1;1
389.8872125;-127.0833333;1;1
389.1372125;-127.9583333;1;1
388.3038792;-129.2083333;1;1
391.0122125;-131.3333333;1;1
391.8872125;-130.3333333;1;1
392.3455458;-129.375;1;1
393.1372125;-128.0833333;1;1
393.5538792;-127.2083333;1;1
394.1788792;-126.7083333;1;1
395.3038792;-129.125;1;1
395.9288792;-128.7916667;1;1
396.9705458;-128.5833333;1;1
397.5538792;-128.6666667;1;1
398.3455458;-129.7916667;1;1
410.6372125;-130.0833333;1;1
409.9705458;-130.3333333;1;1
409.6372125;-130.7916667;1;1
409.8455458;-131.3333333;1;1
410.9705458;-130.9583333;1;1
411.4288792;-130.7916667;1;1
410.4705458;-127.7916667;1;1
411.2622125;-127.7916667;1;1
412.3455458;-127.875;1;1
412.9288792;-127.875;1;1
413.0122125;-127.1666667;1;1
411.8872125;-126.7083333;1;1
411.4288792;-126.5416667;1;1
415.4705458;-127.2916667;1;1
416.4288792;-127.375;1;1
416.5122125;-126.625;1;1
411.5538792;-123.375;1;1
412.0122125;-123.3333333;1;1
413.1372125;-123.3333333;1;1
414.3038792;-123.25;1;1
411.8038792;-122.1666667;1;1
413.0122125;-122.1666667;1;1
414.3038792;-122.125;1;1
415.6372125;-122.125;1;1
416.3872125;-122.125;1;1
425.0955458;-136.2916667;1;1
438.3872125;-136.375;1;1
438.5538792;-134.6666667;1;1
437.8038792;-133.5;1;1
437.0538792;-133.4166667;1;1
436.8038792;-132.375;1;1
437.5955458;-131.25;1;1
438.4705458;-130.2916667;1;1
440.0122125;-130.25;1;1
441.7622125;-128.5833333;1;1
442.8872125;-128.0416667;1;1
443.5122125;-128.5416667;1;1
443.9288792;-129.5416667;1;1
443.9288792;-130.5416667;1;1
443.8038792;-131.7916667;1;1
443.8038792;-133.5;1;1
444.1788792;-134.4166667;1;1
444.3872125;-134.5;1;1
442.2205458;-135.0833333;1;1
441.7205458;-134.5833333;1;1
441.9705458;-133.125;1;1
439.9705458;-133.4583333;1;1
440.4288792;-132.625;1;1
441.1788792;-130.375;1;1
437.8872125;-136.1666667;1;1
437.8455458;-134.9166667;1;1
437.3455458;-133.0833333;1;1
436.3038792;-133.4166667;1;1
434.5955458;-134.7916667;1;1
434.3038792;-133.2916667;1;1
433.4705458;-132.0416667;1;1
434.6788792;-130.25;1;1
435.5955458;-128.6666667;1;1
434.3872125;-127.2083333;1;1
432.7622125;-129.1666667;1;1
436.8455458;-126;1;1
437.1788792;-124.5833333;1;1
437.4288792;-124.5;1;1
442.7622125;-124.3333333;1;1
444.7205458;-124.25;1;1
445.4288792;-125.7083333;1;1
447.4705458;-125.8333333;1;1
448.7205458;-125.9166667;1;1
450.5122125;-126.0833333;1;1
450.5122125;-126.0833333;1;1
454.0538792;-128.875;1;1
454.4288792;-129.9166667;1;1
455.8872125;-128.6666667;1;1
456.9288792;-128.1666667;1;1
456.7205458;-128.4583333;1;1
454.1788792;-127.625;1;1
454.3872125;-126.3333333;1;1
430.6788792;-130.3333333;1;1
412.8038792;-133.6666667;1;1
392.7205458;-143.1666667;1;1
393.6372125;-139.5;1;1
393.5955458;-139.4166667;1;1
387.0122125;-141.1666667;1;1
374.3455458;-148.7083333;1;1
371.6372125;-149.1666667;1;1
374.3038792;-148.75;1;1
377.8455458;-158.8333333;1;1
376.7622125;-162.375;1;1
375.4288792;-165.4583333;1;1
375.7205458;-165.5416667;1;1
380.3872125;-160.625;1;1
382.8038792;-156.6666667;1;1
384.7622125;-153.125;1;1
383.4288792;-151.25;1;1
382.8038792;-152.2083333;1;1
381.9288792;-153.125;1;1
379.5538792;-153.5;1;1
376.0122125;-155.6666667;1;1
377.8455458;-157.4166667;1;1
385.4705458;-160.875;1;1
386.0122125;-161.2916667;1;1
387.7622125;-160.0416667;1;1
388.6788792;-158.9166667;1;1
389.4288792;-157.4583333;1;1
390.1372125;-156.2916667;1;1
390.6372125;-154.5833333;1;1
390.7622125;-153.5833333;1;1
391.0955458;-152.3333333;1;1
397.1788792;-161.0416667;1;1
396.3038792;-162.0833333;1;1
400.4705458;-159.875;1;1
402.0538792;-159.75;1;1
402.0538792;-158.7916667;1;1
402.0538792;-158.25;1;1
398.9705458;-149.0833333;1;1
398.7622125;-147.4166667;1;1
381.6372125;-153.5833333;1;1
360.3455458;-171.7916667;1;1
356.8455458;-171.75;1;1
369.1372125;-168.2916667;1;1
368.8038792;-168.5;1;1
348.7205458;-174.9166667;1;1
347.8872125;-177.9166667;1;1
345.6372125;-178.5;1;1
342.7205458;-176.0416667;1;1
341.4288792;-174.375;1;1
341.3038792;-173.5833333;1;1
348.1788792;-168.125;1;1
352.5122125;-168.9166667;1;1
355.6372125;-169;1;1
359.1788792;-169.0833333;1;1
356.8038792;-169.3333333;1;1
346.2622125;-160.5;1;1
346.0538792;-160.9166667;1;1
345.8872125;-159.6666667;1;1
345.8455458;-158.9166667;1;1
345.9288792;-156.6666667;1;1
339.3038792;-144.7916667;1;1
339.5538792;-143.5;1;1
342.4705458;-143.25;1;1
343.0955458;-143.25;1;1
339.8872125;-143.75;1;1
335.3872125;-141.875;1;1
353.0122125;-132.5833333;1;1
351.9288792;-125.2916667;1;1
352.3038792;-123.5;1;1
352.6788792;-122.5833333;1;1
353.0538792;-121.7916667;1;1
355.6788792;-131.0833333;1;1
356.7205458;-131.0416667;1;1
366.8038792;-132.0416667;1;1
367.7622125;-132.2916667;1;1
369.3455458;-132.3333333;1;1
369.8455458;-132.125;1;1
370.5538792;-131.5;1;1
370.9705458;-130.875;1;1
376.7205458;-134.9166667;1;1
376.7205458;-135.2916667;1;1
378.3038792;-136.8333333;1;1
378.9705458;-137.7083333;1;1
380.1372125;-138.7916667;1;1
379.9705458;-136.0416667;1;1
375.7622125;-114.25;1;1
374.8038792;-108.7916667;1;1
372.8455458;-109.5416667;1;1
371.6788792;-110.2916667;1;1
369.4705458;-110.6666667;1;1
368.7205458;-109.625;1;1
367.7622125;-108.4166667;1;1
387.0538792;-105.2083333;1;1
387.8872125;-104.375;1;1
396.1788792;-107.375;1;1
396.4288792;-108.25;1;1
396.7205458;-109;1;1
397.8038792;-108.8333333;1;1
397.7205458;-106.9166667;1;1
397.0122125;-106.5416667;1;1
396.0955458;-107.0833333;1;1
394.3872125;-107.9166667;1;1
455.9705458;-143.7083333;1;1
455.5955458;-142.5416667;1;1
454.7622125;-141.0416667;1;1
454.9705458;-139;1;1
452.9288792;-137.875;1;1
452.1788792;-137.1666667;1;1
452.0122125;-135.5416667;1;1
451.8872125;-134.3333333;1;1
452.1788792;-132.375;1;1
454.9705458;-131.7916667;1;1
456.5122125;-134.5416667;1;1
457.4705458;-136.5;1;1
458.4705458;-137.4583333;1;1
458.9288792;-138.9166667;1;1
459.5122125;-139.625;1;1
461.5955458;-139.8333333;1;1
462.2205458;-141.875;1;1
463.1372125;-143.125;1;1
464.9288792;-143.5416667;1;1
465.0955458;-145.25;1;1
464.3872125;-148.3333333;1;1
464.2205458;-149.4583333;1;1
466.0538792;-148.7916667;1;1
467.7622125;-146.875;1;1
468.2622125;-144.25;1;1
468.3455458;-141.6666667;1;1
468.3455458;-139.0416667;1;1
468.2622125;-136.625;1;1
467.6788792;-132.0833333;1;1
467.3872125;-130.375;1;1
467.0538792;-127.7916667;1;1
467.0538792;-125.7083333;1;1
466.8872125;-123.7916667;1;1
466.8038792;-120.75;1;1
466.3872125;-119.625;1;1
466.5122125;-120.9166667;1;1
458.8872125;-122.375;1;1
457.8455458;-123.3333333;1;1
457.2622125;-124.6666667;1;1
456.3038792;-123.4166667;1;1
455.7622125;-121;1;1
455.2205458;-119.0833333;1;1
453.2205458;-120.5416667;1;1
450.4288792;-121.5;1;1
449.4705458;-123.25;1;1
448.8872125;-125.2083333;1;1
446.5538792;-127.0833333;1;1
445.5955458;-127.375;1;1
445.3872125;-126.8333333;1;1
447.9705458;-126.375;1;1
449.5122125;-127.1666667;1;1
450.2622125;-127.4583333;1;1
450.9705458;-128.0416667;1;1
452.0955458;-129.9166667;1;1
453.0122125;-129.4583333;1;1
453.1788792;-127.8333333;1;1
453.9705458;-126.5833333;1;1
455.8038792;-126.3333333;1;1
456.8872125;-126.6666667;1;1
456.1372125;-128.375;1;1
454.5538792;-131.5;1;1
455.6788792;-134.5416667;1;1
455.1788792;-137.75;1;1
453.1788792;-140.2083333;1;1
451.4705458;-140.875;1;1
449.5955458;-141.6666667;1;1
449.1788792;-142.625;1;1
447.6372125;-145.4583333;1;1
447.7622125;-148.0833333;1;1
445.6788792;-149.125;1;1
443.9705458;-151.25;1;1
444.8038792;-153.0416667;1;1
446.1372125;-153.2916667;1;1
447.6372125;-152.9583333;1;1
447.8038792;-149.7916667;1;1
450.2622125;-148.4166667;1;1
452.4288792;-149.75;1;1
453.8038792;-148.25;1;1
455.4705458;-147.8333333;1;1
455.5122125;-145.7916667;1;1
456.1372125;-144.6666667;1;1
455.9288792;-142.6666667;1;1
455.1372125;-141.5416667;1;1
454.0122125;-138.7083333;1;1
455.8038792;-136.9583333;1;1
458.8455458;-138.4166667;1;1
460.2622125;-140.0833333;1;1
461.9705458;-138.875;1;1
461.8038792;-135.625;1;1
460.4705458;-133.625;1;1
460.4288792;-132.75;1;1
453.9288792;-131.875;1;1
454.7205458;-129.75;1;1
455.3038792;-129.0416667;1;1
456.4288792;-128.25;1;1
457.0955458;-127.5416667;1;1
457.8038792;-125.1666667;1;1
459.8455458;-125.625;1;1
461.8872125;-124.625;1;1
462.1788792;-122.75;1;1
462.3038792;-122.2083333;1;1
462.3455458;-119.625;1;1
455.4705458;-118.8333333;1;1
454.3038792;-119.5833333;1;1
452.4288792;-120.1666667;1;1
450.1788792;-119.4583333;1;1
447.0538792;-118.5;1;1
442.6788792;-118.5833333;1;1
441.0538792;-120.6666667;1;1
439.0955458;-122.0833333;1;1
436.6372125;-122.4166667;1;1
436.1788792;-125;1;1
434.7205458;-126.6666667;1;1
434.1788792;-128.5416667;1;1
433.4288792;-130.6666667;1;1
444.3038792;-153.4166667;1;1
445.0538792;-154.8333333;1;1
445.8038792;-155.9166667;1;1
446.3872125;-156.75;1;1
447.3038792;-157.0416667;1;1
447.5955458;-157;1;1
449.5955458;-157.2916667;1;1
451.4705458;-156.9166667;1;1
452.3455458;-156.6666667;1;1
453.8038792;-155.0416667;1;1
454.8455458;-154.5;1;1
455.9288792;-155.75;1;1
457.1372125;-155.0833333;1;1
458.0122125;-153.75;1;1
459.2205458;-154.2916667;1;1
460.3872125;-154.125;1;1
461.3455458;-154;1;1
461.8038792;-152.9166667;1;1
460.8872125;-151.625;1;1
460.4705458;-149.5;1;1
458.7622125;-148.9166667;1;1
459.0955458;-146.5833333;1;1
458.2622125;-146.0416667;1;1
456.1788792;-147.4583333;1;1
454.8872125;-147;1;1
453.7622125;-147.5833333;1;1
453.1788792;-146.375;1;1
452.3455458;-145.125;1;1
452.0955458;-143.875;1;1
452.3872125;-143.2083333;1;1
454.1372125;-142.7916667;1;1
455.7622125;-143.2916667;1;1
456.4705458;-144.1666667;1;1
457.6788792;-144.9166667;1;1
458.7622125;-146.1666667;1;1
459.4705458;-148.7083333;1;1
460.0122125;-150.0833333;1;1
462.2205458;-150.75;1;1
463.6372125;-150.5;1;1
464.1372125;-150.75;1;1
464.9288792;-150.2916667;1;1
465.5955458;-149.25;1;1
466.3872125;-148.25;1;1
467.4705458;-146.5;1;1
468.0122125;-145.7916667;1;1
468.4705458;-144.7916667;1;1
468.8038792;-143.9583333;1;1
468.7622125;-141.5;1;1
463.0122125;-139.0833333;1;1
460.9288792;-138.9583333;1;1
459.4288792;-138.5416667;1;1
451.7205458;-134.9166667;1;1
449.8038792;-135.4166667;1;1
448.0955458;-135.5416667;1;1
443.1788792;-114.75;1;1
442.5955458;-113.375;1;1
442.3038792;-113.2083333;1;1
442.0538792;-114.9583333;1;1
442.2622125;-115.5;1;1
442.9705458;-113.5;1;1
443.9705458;-113.4166667;1;1
445.2622125;-113.4166667;1;1
446.8872125;-113.7083333;1;1
448.8872125;-113.875;1;1
449.9288792;-114.2916667;1;1
451.5538792;-114.75;1;1
452.1372125;-114.8333333;1;1
453.2205458;-115.0416667;1;1
455.0122125;-118.125;1;1
429.1372125;-109.5416667;1;1
426.5955458;-108.875;1;1
423.9288792;-108.8333333;1;1
422.3038792;-109.0833333;1;1
421.4288792;-121.0416667;1;1
420.0122125;-124.25;1;1
419.2622125;-124.1666667;1;1
404.9705458;-135.875;1;1
403.8872125;-134.2083333;1;1
403.1372125;-132.875;1;1
401.5538792;-133.0416667;1;1
399.9705458;-134.7916667;1;1
399.9705458;-134.7916667;1;1
388.5955458;-130.8333333;1;1
379.5538792;-130.5833333;1;1
378.5955458;-130.9166667;1;1
381.8455458;-131.5833333;1;1
385.0122125;-132.125;1;1
388.5955458;-132.3333333;1;1
392.6372125;-132.5833333;1;1
394.5538792;-123.0416667;1;1
394.5538792;-121.25;1;1
394.5955458;-119.375;1;1
394.8038792;-118.875;1;1
396.1372125;-118.6666667;1;1
392.4705458;-118.375;1;1
384.1372125;-113.2083333;1;1
383.8455458;-110.875;1;1
383.9705458;-108.9583333;1;1
384.4705458;-106.1666667;1;1
384.2205458;-103.9166667;1;1
379.4705458;-100.25;1;1
378.1788792;-99.04166667;1;1
377.4705458;-98.66666667;1;1
376.8455458;-98.08333333;1;1
379.1788792;-100.3333333;1;1
379.2205458;-100.3333333;1;1
373.8455458;-93.70833333;1;1
375.0122125;-92.375;1;1
375.5122125;-91.625;1;1
373.3038792;-90.16666667;1;1
371.7622125;-88.83333333;1;1
368.5122125;-88.75;1;1
365.3872125;-90.54166667;1;1
365.3455458;-91.45833333;1;1
371.3038792;-81.54166667;1;1
371.0122125;-79.91666667;1;1
383.5538792;-109.2916667;1;1
371.1788792;-113.3333333;1;1
369.3038792;-113.9166667;1;1
368.7205458;-111.4583333;1;1
367.0122125;-110.625;1;1
366.1372125;-110.5833333;1;1
364.1788792;-110.625;1;1
362.7205458;-110.5;1;1
363.8038792;-108.5416667;1;1
365.8038792;-106.4166667;1;1
366.9705458;-109.3333333;1;1
368.3872125;-110.5416667;1;1
371.7205458;-104.0833333;1;1
374.0538792;-103.125;1;1
377.9705458;-102.875;1;1
378.5538792;-101;1;1
379.5538792;-100.4166667;1;1
380.6372125;-99.95833333;1;1
382.6372125;-97.29166667;1;1
383.3038792;-94.70833333;1;1
384.5122125;-94.75;1;1
392.9288792;-114.2083333;1;1
393.5538792;-116.5;1;1
393.9705458;-118.125;1;1
394.2205458;-118.9583333;1;1
394.5538792;-119.0416667;1;1
396.8455458;-117.7083333;1;1
396.8455458;-116.625;1;1
396.9288792;-115.0416667;1;1
397.0122125;-113.7083333;1;1
397.0538792;-112.7083333;1;1
397.2205458;-111.0833333;1;1
397.2205458;-109.2916667;1;1
397.8455458;-107.0416667;1;1
398.0122125;-105.75;1;1
398.0122125;-105.625;1;1
398.1788792;-132.125;1;1
396.9705458;-139.0833333;1;1
397.7205458;-142.75;1;1
398.0955458;-144.9166667;1;1
398.0122125;-144.4583333;1;1
410.5538792;-157.125;1;1
410.4705458;-158.875;1;1
410.8038792;-159.5;1;1
411.8455458;-159.75;1;1
411.9705458;-158.9583333;1;1
412.6372125;-157.5;1;1
412.6788792;-156.4166667;1;1
413.2205458;-155.0833333;1;1
414.7205458;-154.5;1;1
416.0955458;-153.7916667;1;1
417.0955458;-153.125;1;1
418.4705458;-152.2083333;1;1
419.1788792;-151.4166667;1;1
426.2622125;-140.1666667;1;1
424.2205458;-140.6666667;1;1
422.3455458;-140.5;1;1
421.3038792;-141.7083333;1;1
420.9705458;-143.25;1;1
437.4288792;-130.5416667;1;1
437.4705458;-129.1666667;1;1
436.5122125;-128.9583333;1;1
435.0538792;-129.2916667;1;1
436.1788792;-127.625;1;1
436.7622125;-126.2083333;1;1
435.7205458;-125.5416667;1;1
434.0955458;-125.3333333;1;1
434.3455458;-124.5833333;1;1
435.2205458;-122.0833333;1;1
435.2622125;-120.2083333;1;1
438.3038792;-120;1;1
438.5955458;-119.125;1;1
438.6372125;-120.3333333;1;1
438.4288792;-121.2916667;1;1
439.0955458;-122.0416667;1;1
439.3455458;-121.4583333;1;1
440.6788792;-119.7916667;1;1
440.5122125;-121.5;1;1
442.4288792;-119.875;1;1
443.5122125;-121.125;1;1
444.3038792;-121.625;1;1
445.7205458;-120.5;1;1
445.6372125;-121.5416667;1;1
445.6372125;-121.9583333;1;1
445.6372125;-122.4166667;1;1
445.6372125;-123.2083333;1;1
445.6372125;-124.5833333;1;1
446.1788792;-125.6666667;1;1
445.6788792;-125.625;1;1
445.0955458;-125.875;1;1
447.0538792;-126.0833333;1;1
448.2205458;-125.125;1;1
448.3455458;-123;1;1
448.7205458;-122.2083333;1;1
450.0955458;-121.625;1;1
451.3872125;-121.4583333;1;1
452.6788792;-122;1;1
452.5538792;-122.7916667;1;1
453.8038792;-122.875;1;1
454.8872125;-123.3333333;1;1
455.8872125;-123.75;1;1
455.7205458;-124.875;1;1
454.1372125;-127.75;1;1
455.0955458;-128.5833333;1;1
456.3872125;-128.4583333;1;1
456.8455458;-126.4166667;1;1
456.6372125;-125.3333333;1;1
457.6372125;-124.2916667;1;1
458.5955458;-123.7916667;1;1
458.9705458;-122.2083333;1;1
461.0538792;-136;1;1
461.0538792;-135.0416667;1;1
461.0538792;-133.625;1;1
460.9705458;-132.375;1;1
460.5538792;-131.125;1;1
460.5122125;-129.75;1;1
459.6372125;-131.5416667;1;1
457.7205458;-131.6666667;1;1
452.9288792;-132.75;1;1
451.8872125;-133.2916667;1;1
453.4288792;-134.3333333;1;1
452.5122125;-135.4166667;1;1
450.3872125;-135.875;1;1
448.7205458;-136.25;1;1
448.1372125;-137.2083333;1;1
449.1788792;-140.0416667;1;1
451.0122125;-140.375;1;1
454.3455458;-139.5416667;1;1
459.8038792;-139.75;1;1
463.8455458;-139.1666667;1;1
463.0538792;-140.6666667;1;1
462.0538792;-142.6666667;1;1
457.4288792;-146;1;1
453.5538792;-144.5416667;1;1
452.6788792;-142.6666667;1;1
451.9288792;-143;1;1
451.7205458;-144.8333333;1;1
449.6788792;-144.9583333;1;1
447.9288792;-143.9166667;1;1
445.3455458;-145.2083333;1;1
443.5122125;-145.125;1;1
441.2205458;-144.6666667;1;1
439.5538792;-144.75;1;1
441.3872125;-143.4166667;1;1
437.1372125;-144.0416667;1;1
435.7205458;-145.7083333;1;1
434.9705458;-146.25;1;1
433.6788792;-146.625;1;1
432.4288792;-146.6666667;1;1
433.8038792;-145.9166667;1;1
435.1372125;-143.875;1;1
434.9288792;-142.5;1;1
433.9705458;-140.8333333;1;1
433.5538792;-140.0833333;1;1
434.6788792;-136.6666667;1;1
434.6788792;-135.2916667;1;1
433.8038792;-134.2083333;1;1
432.8455458;-136.7916667;1;1
430.4705458;-136.875;1;1
426.9705458;-137.625;1;1
433.3872125;-134.5;1;1
424.3038792;-136.2916667;1;1
421.4288792;-136;1;1
419.9288792;-134.375;1;1
420.8872125;-135.2083333;1;1
419.9705458;-136.7083333;1;1
419.4288792;-137.0833333;1;1
419.6372125;-138.625;1;1
420.4705458;-135.75;1;1
420.9705458;-132.8333333;1;1
421.1788792;-131.1666667;1;1
420.8455458;-128.125;1;1
420.6372125;-126.9166667;1;1
420.4288792;-125.4583333;1;1
419.5122125;-125.125;1;1
417.8872125;-124.125;1;1
418.0122125;-123.875;1;1
415.7205458;-138.0833333;1;1
414.8038792;-139.7916667;1;1
414.7205458;-142.1666667;1;1
414.6788792;-142.3333333;1;1
414.6788792;-142.3333333;1;1
412.1788792;-151.7916667;1;1
412.1788792;-151.7916667;1;1
412.0955458;-154;1;1
412.0538792;-157;1;1
412.0955458;-157.75;1;1
409.7205458;-156.9166667;1;1
410.8455458;-153.875;1;1
411.5538792;-151.625;1;1
411.6372125;-151.2916667;1;1
406.7622125;-151.5833333;1;1
406.7205458;-150.3333333;1;1
406.5538792;-147.6666667;1;1
406.5955458;-145.1666667;1;1
406.8455458;-142.4583333;1;1
402.6788792;-144.875;1;1
400.8872125;-143.75;1;1
399.5122125;-142.6666667;1;1
398.3455458;-141.2083333;1;1
398.6788792;-140.2916667;1;1
397.5955458;-138.8333333;1;1
396.3455458;-138.0833333;1;1
393.3455458;-137.5416667;1;1
392.4705458;-136.6666667;1;1
392.4705458;-136.1666667;1;1
392.4705458;-136.1666667;1;1
388.9288792;-136.25;1;1
389.5538792;-136.7916667;1;1
388.2205458;-139.25;1;1
385.8455458;-139.7083333;1;1
386.7622125;-137.7916667;1;1
387.5538792;-141.5416667;1;1
385.5122125;-145.75;1;1
384.5122125;-148.9583333;1;1
384.5122125;-148.9583333;1;1
374.6788792;-161.8333333;1;1
373.8872125;-163.0833333;1;1
374.0122125;-169.9166667;1;1
367.4705458;-168.75;1;1
358.5538792;-154.1666667;1;1
359.3455458;-152.3333333;1;1
359.5955458;-153;1;1
359.4288792;-150.75;1;1
358.3038792;-149.0833333;1;1
358.1372125;-148.0833333;1;1
357.9705458;-147.25;1;1
357.3455458;-146.9583333;1;1
357.0122125;-146.3333333;1;1
357.0538792;-145.5416667;1;1
357.8872125;-144.2916667;1;1
358.8872125;-143.625;1;1
360.8038792;-142.9583333;1;1
356.8872125;-142.9166667;1;1
356.6788792;-142;1;1
356.9705458;-141.3333333;1;1
352.8455458;-144.75;1;1
352.6372125;-144.2083333;1;1
351.3872125;-143.6666667;1;1
350.3038792;-142.9583333;1;1
349.4288792;-142.125;1;1
347.1372125;-140.875;1;1
347.9705458;-139.5416667;1;1
348.7205458;-138.25;1;1
348.9705458;-136.4583333;1;1
347.4288792;-135.2083333;1;1
347.5955458;-135.2916667;1;1
345.7622125;-133.3333333;1;1
344.3872125;-132.2916667;1;1
344.3872125;-132.5;1;1
344.9288792;-131.375;1;1
346.8455458;-131.75;1;1
344.5538792;-131.9166667;1;1
363.6788792;-126.75;1;1
364.9288792;-125.75;1;1
365.3038792;-124.4583333;1;1
366.3038792;-124;1;1
356.3038792;-116.125;1;1
356.7622125;-114.9583333;1;1
344.4288792;-122;1;1
344.2205458;-122.375;1;1
355.4288792;-108.2916667;1;1
355.7205458;-107.25;1;1
356.8038792;-106.125;1;1
361.7622125;-104.0416667;1;1
363.1788792;-102.125;1;1
369.0538792;-99.16666667;1;1
370.4705458;-98.41666667;1;1
370.9705458;-97.58333333;1;1
367.3038792;-99.04166667;1;1
365.0955458;-100.9583333;1;1
365.7622125;-99.75;1;1
366.9288792;-98.75;1;1
365.6788792;-98.20833333;1;1
363.8455458;-99;1;1
362.0955458;-99.04166667;1;1
365.7622125;-98.08333333;1;1
384.2205458;-95.41666667;1;1
386.8872125;-95.66666667;1;1
387.8872125;-95.29166667;1;1
388.8872125;-95.09166667;1;1
390.2622125;-93.83333333;1;1
391.1372125;-92.45833333;1;1
390.0538792;-92.41666667;1;1
388.1788792;-94.20833333;1;1
387.5122125;-97.70833333;1;1
387.2622125;-99.25;1;1
388.0122125;-100.0833333;1;1
388.9705458;-101.0416667;1;1
390.1372125;-100.8333333;1;1
392.1788792;-100.5;1;1
392.6788792;-99.66666667;1;1
392.4288792;-100.4583333;1;1
392.7622125;-103.5416667;1;1
394.2205458;-102.3333333;1;1
394.5122125;-101.3333333;1;1
393.7205458;-108.7083333;1;1
392.8038792;-110.0833333;1;1
391.9288792;-112.25;1;1
392.9288792;-114.4166667;1;1
393.3455458;-113.9166667;1;1
393.3872125;-112.5;1;1
394.1788792;-112.1666667;1;1
393.3455458;-109.6666667;1;1
394.7205458;-108.6666667;1;1
396.2622125;-107.375;1;1
397.3455458;-108.75;1;1
397.1372125;-109.875;1;1
396.8455458;-111.125;1;1
396.8038792;-113.125;1;1
396.0955458;-114.2916667;1;1
383.5538792;-116.2916667;1;1
383.4288792;-115.2916667;1;1
385.2622125;-114.4166667;1;1
383.9288792;-113.9166667;1;1
373.5538792;-116.2916667;1;1
374.4288792;-115.5833333;1;1
375.9288792;-114.625;1;1
370.4705458;-113.9166667;1;1
371.0538792;-113.2916667;1;1
372.0955458;-112.0833333;1;1
371.3872125;-110.8333333;1;1
368.3455458;-110.7083333;1;1
366.5538792;-109.4583333;1;1
366.3038792;-108.0833333;1;1
364.7622125;-106.75;1;1
364.2622125;-106.125;1;1
362.0122125;-104.2916667;1;1
402.9655167;-149.75;1;1
403.9655167;-148.5833333;1;1
405.1321833;-147.0833333;1;1
405.79885;-148.0833333;1;1
406.79885;-149.0833333;1;1
408.6321833;-146.9166667;1;1
408.79885;-147.5833333;1;1
408.9655167;-147.5833333;1;1
410.29885;-147.9166667;1;1
412.1321833;-148.25;1;1
413.29885;-148.75;1;1
414.9655167;-148.9166667;1;1
414.29885;-149.25;1;1
413.9655167;-149.9166667;1;1
413.79885;-150.5833333;1;1
413.29885;-152.75;1;1
412.6321833;-153.5833333;1;1
411.6321833;-154.4166667;1;1
410.6321833;-154.75;1;1
408.9655167;-155.75;1;1
407.29885;-157.9166667;1;1
405.1321833;-157.9166667;1;1
404.6321833;-154.75;1;1
404.6321833;-153.25;1;1
404.6321833;-151.5833333;1;1
404.79885;-149.5833333;1;1
402.1321833;-139.5833333;1;1
400.29885;-138.75;1;1
398.29885;-137.0833333;1;1
395.9655167;-135.5833333;1;1
379.29885;-149.5833333;1;1
379.79885;-149.75;1;1
381.4655167;-148.4166667;1;1
365.6321833;-129.4166667;1;1
364.9655167;-128.25;1;1
364.29885;-127.0833333;1;1
365.4655167;-125.5833333;1;1
365.4655167;-125.25;1;1
366.6321833;-124.25;1;1
367.6321833;-122.9166667;1;1
368.29885;-122.25;1;1
368.6321833;-121.75;1;1
377.29885;-107.5833333;1;1
376.4655167;-109.0833333;1;1
375.79885;-109.5833333;1;1
374.29885;-109.75;1;1
373.6321833;-110.4166667;1;1
373.6321833;-111.0833333;1;1
373.29885;-111.25;1;1
375.1321833;-104.25;1;1
375.4655167;-102.5833333;1;1
375.6321833;-102.0833333;1;1
376.1321833;-101.25;1;1
375.9655167;-100.4166667;1;1
375.6321833;-99.58333333;1;1
375.29885;-98.75;1;1
375.29885;-96.58333333;1;1
375.6321833;-95.58333333;1;1
375.9655167;-95.58333333;1;1
376.29885;-95.58333333;1;1
376.6321833;-95.58333333;1;1
376.1321833;-92.91666667;1;1
377.6321833;-90.75;1;1
378.29885;-90.41666667;1;1
379.79885;-90.58333333;1;1
380.9655167;-91.58333333;1;1
381.29885;-91.75;1;1
381.29885;-94.75;1;1
381.6321833;-95.41666667;1;1
381.9655167;-95.75;1;1
384.29885;-96.41666667;1;1
343.9655167;-152.9166667;1;1
343.4655167;-153.0833333;1;1
342.9655167;-153.0833333;1;1
342.9655167;-152.0833333;1;1
343.1321833;-151.4166667;1;1
342.4655167;-151.4166667;1;1
341.79885;-151.4166667;1;1
341.6321833;-150.75;1;1
340.79885;-151.75;1;1
340.79885;-152.75;1;1
340.79885;-152.9166667;1;1
345.6877389;-131.3611111;1;1
344.1599611;-146.6388889;1;1
343.7432944;-146.7777778;1;1
343.4655167;-148.0277778;1;1
344.0210722;-149.2777778;1;1
345.4099611;-147.1944444;1;1
345.9655167;-147.1944444;1;1
347.0766278;-145.3888889;1;1
347.0766278;-147.0555556;1;1
346.6599611;-148.1666667;1;1
346.5210722;-150.5277778;1;1
346.9377389;-153.4444444;1;1
347.6321833;-154.1388889;1;1
347.9099611;-154.5555556;1;1
348.4655167;-154.5555556;1;1
348.8821833;-155.25;1;1
348.8821833;-153.7222222;1;1
349.4377389;-153.5833333;1;1
349.4377389;-152.0555556;1;1
347.7710722;-153.0277778;1;1
346.5210722;-151.7777778;1;1
346.5210722;-150.3888889;1;1
346.5210722;-148.1666667;1;1
347.3544056;-146.7777778;1;1
347.6321833;-145.25;1;1
348.1877389;-144;1;1
348.1877389;-141.9166667;1;1
341.79885;-150.5277778;1;1
342.9099611;-150.8055556;1;1
342.9099611;-152.0555556;1;1
343.4655167;-152.8888889;1;1
343.1877389;-152.75;1;1
340.6877389;-151.2222222;1;1
340.6877389;-152.0555556;1;1
342.9099611;-145.5277778;1;1
343.7432944;-144.5555556;1;1
344.0210722;-143.4444444;1;1
344.29885;-142.4722222;1;1
346.2432944;-155.6666667;1;1
345.9655167;-155.3888889;1;1
346.5210722;-153.7222222;1;1
346.79885;-151.9166667;1;1
346.9377389;-150.25;1;1
346.9377389;-148.8611111;1;1
347.0766278;-147.8888889;1;1
347.3544056;-147.0555556;1;1
347.3544056;-145.9444444;1;1
345.6877389;-146.2222222;1;1
344.7155167;-146.2222222;1;1
390.1321833;-146.3611111;1;1
439.8544056;-141.0833333;1;1
441.3821833;-142.4722222;1;1
459.8544056;-129.5555556;1;1
459.9932944;-130.3888889;1;1
460.54885;-130.6666667;1;1
460.8266278;-129.9722222;1;1
460.4099611;-128.3055556;1;1
460.2710722;-127.4722222;1;1
460.54885;-126.7777778;1;1
458.8821833;-125.9444444;1;1
458.6044056;-126.0833333;1;1
458.6044056;-123.5833333;1;1
459.7155167;-123.3055556;1;1
453.4655167;-122.4722222;1;1
453.1877389;-121.7777778;1;1
452.7710722;-120.8055556;1;1
448.1877389;-122.6111111;1;1
447.0766278;-122.6111111;1;1
445.2710722;-122.3333333;1;1
444.1599611;-121.7777778;1;1
443.6044056;-119.9722222;1;1
443.8821833;-118.3055556;1;1
446.79885;-116.0833333;1;1
447.2155167;-116.3611111;1;1
452.0766278;-138.7222222;1;1
451.79885;-138.8611111;1;1
451.2432944;-138.7222222;1;1
451.3821833;-136.0833333;1;1
450.1321833;-136.3611111;1;1
449.4377389;-136.9166667;1;1
448.4655167;-136.3611111;1;1
447.6321833;-135.8055556;1;1
446.9377389;-136.0833333;1;1
446.1044056;-136.6388889;1;1
445.9655167;-137.6111111;1;1
445.2710722;-139.1388889;1;1
445.4099611;-139.6944444;1;1
459.5766278;-142.0555556;1;1
459.4377389;-142.8888889;1;1
460.4099611;-143.1666667;1;1
460.6877389;-143.7222222;1;1
461.3821833;-144.2777778;1;1
461.9377389;-144.4166667;1;1
462.4932944;-139.8333333;1;1
462.7710722;-139.6944444;1;1
463.1877389;-139.1388889;1;1
463.3266278;-138.1666667;1;1
462.7710722;-137.6111111;1;1
462.4932944;-135.6666667;1;1
462.4932944;-135.6666667;1;1
460.2710722;-136.6388889;1;1
459.8544056;-135.5277778;1;1
459.4377389;-134.2777778;1;1
459.0210722;-133.3055556;1;1
458.04885;-133.5833333;1;1
463.1877389;-134.2777778;1;1
463.3266278;-134.8333333;1;1
465.6877389;-134.1388889;1;1
466.1044056;-134.9722222;1;1
465.6877389;-136.0833333;1;1
465.2710722;-136.7777778;1;1
456.6599611;-151.2222222;1;1
456.9377389;-150.3888889;1;1
458.04885;-149.2777778;1;1
457.6321833;-147.0555556;1;1
457.2155167;-147.3333333;1;1
456.3821833;-146.2222222;1;1
456.3821833;-145.8055556;1;1
454.1599611;-145.25;1;1
453.3266278;-144.6944444;1;1
453.04885;-143.7222222;1;1
453.04885;-142.8888889;1;1
452.9099611;-141.3611111;1;1
451.3821833;-142.75;1;1
451.3821833;-142.8888889;1;1
450.8266278;-142.0555556;1;1
447.9099611;-144;1;1
446.1044056;-144;1;1
446.6599611;-142.75;1;1
446.1044056;-141.6388889;1;1
444.7155167;-140.3888889;1;1
443.4655167;-142.8888889;1;1
442.0766278;-144.5555556;1;1
441.9377389;-145.1111111;1;1
441.6599611;-142.1944444;1;1
439.8544056;-140.9444444;1;1
438.6044056;-141.3611111;1;1
438.8821833;-142.4722222;1;1
438.04885;-140.5277778;1;1
438.04885;-139.6944444;1;1
435.8266278;-139.5555556;1;1
435.54885;-140.5277778;1;1
434.8544056;-139.6944444;1;1
434.7155167;-138.8611111;1;1
434.7155167;-137.0555556;1;1
434.5766278;-136.9166667;1;1
433.3266278;-138.1666667;1;1
433.3266278;-139.4166667;1;1
434.1599611;-140.5277778;1;1
434.9932944;-141.3611111;1;1
433.3266278;-139.9722222;1;1
432.4932944;-138.8611111;1;1
432.2155167;-137.3333333;1;1
431.3821833;-136.2222222;1;1
430.2710722;-136.9166667;1;1
430.2710722;-138.7222222;1;1
429.1599611;-139.8333333;1;1
428.04885;-138.7222222;1;1
428.04885;-138.0277778;1;1
428.3266278;-137.8888889;1;1
429.4377389;-137.6111111;1;1
429.4377389;-136.3611111;1;1
430.2710722;-134.4166667;1;1
430.8266278;-132.3333333;1;1
431.2432944;-130.8055556;1;1
431.5210722;-129.1388889;1;1
431.2432944;-127.8888889;1;1
430.54885;-127.75;1;1
428.7432944;-128.4444444;1;1
427.4932944;-128.4444444;1;1
426.6599611;-128.3055556;1;1
426.3821833;-127.3333333;1;1
424.1599611;-126.5;1;1
423.04885;-127.1944444;1;1
422.9099611;-128.7222222;1;1
423.1877389;-130.5277778;1;1
422.2155167;-131.3611111;1;1
420.8266278;-132.1944444;1;1
420.2710722;-133.1666667;1;1
420.54885;-133.1666667;1;1
421.6599611;-132.3333333;1;1
419.1599611;-134;1;1
418.7432944;-134;1;1
418.04885;-134;1;1
416.79885;-133.8611111;1;1
415.8266278;-133.0277778;1;1
414.9932944;-131.9166667;1;1
415.2710722;-131.3611111;1;1
415.2710722;-130.1111111;1;1
415.4099611;-128.3055556;1;1
415.6877389;-127.6111111;1;1
416.6599611;-124.8333333;1;1
416.6599611;-124;1;1
417.0766278;-123.7222222;1;1
414.0210722;-124.2777778;1;1
415.6877389;-134.8333333;1;1
417.4932944;-134.1388889;1;1
419.1599611;-134;1;1
419.7155167;-134.2777778;1;1
419.4377389;-136.3611111;1;1
419.8544056;-137.0555556;1;1
420.8266278;-137.3333333;1;1
422.4932944;-137.4722222;1;1
426.6599611;-137.3333333;1;1
427.2155167;-138.4444444;1;1
428.04885;-140.5277778;1;1
428.6044056;-140.3888889;1;1
429.0210722;-138.7222222;1;1
429.9932944;-136.3611111;1;1
429.8544056;-134.8333333;1;1
428.8821833;-133.4444444;1;1
428.3266278;-131.9166667;1;1
428.3266278;-129.9722222;1;1
348.96551666666664;-103.41666666666667;;1;1
346.46551666666664;-106.91666666666667;;1;1
345.29884999999996;-106.91666666666667;;1;1
344.46551666666664;-110.41666666666667;;1;1
344.29884999999996;-111.25;;1;1
349.29884999999996;-97.75;;1;1
348.13218333333333;-99.08333333333333;;1;1
348.13218333333333;-97.08333333333333;;1;1
349.29884999999996;-96.75;;1;1
350.63218333333333;-96.75;;1;1
351.13218333333333;-95.91666666666667;;1;1
352.13218333333333;-95.41666666666667;;1;1
352.79884999999996;-96.41666666666667;;1;1
353.29884999999996;-96.08333333333333;;1;1
355.96551666666664;-97.25;;1;1
356.63218333333333;-98.08333333333333;;1;1
357.96551666666664;-98.08333333333333;;1;1
358.46551666666664;-97.08333333333333;;1;1
359.29884999999996;-96.58333333333333;;1;1
359.29884999999996;-98.91666666666667;;1;1
358.96551666666664;-100.25;;1;1
383.79884999999996;-118.58333333333333;;1;1
382.63218333333333;-117.58333333333333;;1;1
381.46551666666664;-116.75;;1;1
381.63218333333333;-114.41666666666667;;1;1
381.63218333333333;-112.91666666666667;;1;1
438.96551666666664;-137.75;;1;1
439.29884999999996;-137.58333333333334;;1;1
432.79884999999996;-120.08333333333333;;1;1
433.13218333333333;-119.41666666666667;;1;1
433.96551666666664;-118.41666666666667;;1;1
432.79884999999996;-117.58333333333333;;1;1
432.79884999999996;-117.08333333333333;;1;1
432.96551666666664;-116.25;;1;1
443.46551666666664;-115.91666666666667;;1;1
444.63218333333333;-115.08333333333333;;1;1
445.46551666666664;-114.25;;1;1
446.46551666666664;-147.58333333333334;;1;1
445.63218333333333;-146.91666666666666;;1;1
445.29884999999996;-146.58333333333334;;1;1
444.79884999999996;-146.08333333333334;;1;1
444.46551666666664;-144.58333333333334;;1;1
444.46551666666664;-143.58333333333334;;1;1
443.96551666666664;-143.75;;1;1
443.79884999999996;-141.08333333333334;;1;1
443.29884999999996;-140.75;;1;1
442.63218333333333;-140.75;;1;1
441.79884999999996;-140.75;;1;1
440.96551666666664;-139.91666666666666;;1;1
440.13218333333333;-139.25;;1;1
439.96551666666664;-137.58333333333334;;1;1
438.96551666666664;-137.58333333333334;;1;1
438.46551666666664;-146.91666666666666;;1;1
440.13218333333333;-147.08333333333334;;1;1
420.96551666666664;-145.75;;1;1
420.46551666666664;-144.75;;1;1
418.13218333333333;-144.08333333333334;;1;1
415.79884999999996;-144.08333333333334;;1;1
414.79884999999996;-144.41666666666666;;1;1
411.63218333333333;-144.58333333333334;;1;1
410.79884999999996;-144.08333333333334;;1;1
410.46551666666664;-142.41666666666666;;1;1
408.79884999999996;-141.58333333333334;;1;1
408.29884999999996;-140.25;;1;1
405.96551666666664;-139.75;;1;1
404.63218333333333;-139.25;;1;1
402.96551666666664;-137.08333333333334;;1;1
401.29884999999996;-136.91666666666666;;1;1
401.79884999999996;-138.08333333333334;;1;1
395.13218333333333;-142.08333333333334;;1;1
395.29884999999996;-143.41666666666666;;1;1
395.96551666666664;-144.91666666666666;;1;1
395.63218333333333;-146.58333333333334;;1;1
391.96551666666664;-147.25;;1;1
391.63218333333333;-146.25;;1;1
390.29884999999996;-143.75;;1;1
390.79884999999996;-141.58333333333334;;1;1
390.79884999999996;-140.75;;1;1
390.13218333333333;-139.41666666666666;;1;1
390.13218333333333;-138.91666666666666;;1;1
390.63218333333333;-135.91666666666666;;1;1
390.79884999999996;-134.75;;1;1
391.96551666666664;-134.08333333333334;;1;1
392.96551666666664;-133.91666666666666;;1;1
393.63218333333333;-133.41666666666666;;1;1
393.63218333333333;-131.58333333333334;;1;1
393.96551666666664;-131.08333333333334;;1;1
390.29884999999996;-133.91666666666666;;1;1
387.96551666666664;-133.91666666666666;;1;1
386.96551666666664;-134.91666666666666;;1;1
386.29884999999996;-135.91666666666666;;1;1
384.63218333333333;-137.25;;1;1
383.46551666666664;-139.91666666666666;;1;1
381.96551666666664;-140.75;;1;1
382.29884999999996;-140.75;;1;1
383.13218333333333;-141.25;;1;1
383.29884999999996;-142.08333333333334;;1;1
380.29884999999996;-143.25;;1;1
379.13218333333333;-143.75;;1;1
367.96551666666664;-146.58333333333334;;1;1
365.13218333333333;-145.58333333333334;;1;1
365.63218333333333;-145.58333333333334;;1;1
364.96551666666664;-144.58333333333334;;1;1
364.13218333333333;-142.41666666666666;;1;1
369.63218333333333;-129.58333333333334;;1;1
369.96551666666664;-128.91666666666666;;1;1
369.96551666666664;-128.41666666666666;;1;1
369.96551666666664;-127.58333333333333;;1;1
344.79884999999996;-150.91666666666666;;1;1
343.13218333333333;-155.25;;1;1
342.46551666666664;-155.25;;1;1
341.96551666666664;-155.25;;1;1
341.63218333333333;-154.91666666666666;;1;1
340.96551666666664;-154.41666666666666;;1;1
340.13218333333333;-153.91666666666666;;1;1
341.13218333333333;-145.08333333333334;;1;1
341.63218333333333;-144.58333333333334;;1;1
341.63218333333333;-144.08333333333334;;1;1
339.46551666666664;-140.91666666666666;;1;1
339.46551666666664;-140.41666666666666;;1;1
339.29884999999996;-138.75;;1;1
339.79884999999996;-138.41666666666666;;1;1
340.79884999999996;-137.91666666666666;;1;1
341.29884999999996;-132.08333333333334;;1;1
339.29884999999996;-130.08333333333334;;1;1
337.29884999999996;-130.08333333333334;;1;1
336.63218333333333;-127.41666666666667;;1;1
335.29884999999996;-162.08333333333334;;1;1
334.96551666666664;-165.08333333333334;;1;1
337.29884999999996;-165.91666666666666;;1;1
366.63218333333333;-166.41666666666666;;1;1
365.63218333333333;-166.08333333333334;;1;1
373.13218333333333;-175.25;;1;1
378.29884999999996;-175.58333333333334;;1;1
383.63218333333333;-174.08333333333334;;1;1
385.63218333333333;-177.58333333333334;;1;1
389.79884999999996;-177.75;;1;1
388.46551666666664;-172.75;;1;1
390.63218333333333;-163.08333333333334;;1;1
390.63218333333333;-163.58333333333334;;1;1
388.96551666666664;-164.25;;1;1
389.96551666666664;-164.91666666666666;;1;1
394.13218333333333;-163.58333333333334;;1;1
404.29884999999996;-158.91666666666666;;1;1
403.63218333333333;-158.25;;1;1
403.46551666666664;-157.25;;1;1
403.46551666666664;-156.25;;1;1
403.29884999999996;-155.58333333333334;;1;1
404.96551666666664;-158.41666666666666;;1;1
406.46551666666664;-158.91666666666666;;1;1
406.29884999999996;-159.08333333333334;;1;1
407.29884999999996;-159.25;;1;1
407.96551666666664;-159.25;;1;1
408.63218333333333;-159.41666666666666;;1;1
409.29884999999996;-159.91666666666666;;1;1
409.29884999999996;-159.25;;1;1
408.63218333333333;-158.08333333333334;;1;1
408.63218333333333;-157.91666666666666;;1;1
408.13218333333333;-154.08333333333334;;1;1
408.13218333333333;-152.75;;1;1
408.13218333333333;-151.75;;1;1
408.29884999999996;-150.58333333333334;;1;1
401.29884999999996;-151.41666666666666;;1;1
401.29884999999996;-149.08333333333334;;1;1
400.96551666666664;-147.75;;1;1
395.13218333333333;-148.58333333333334;;1;1
391.63218333333333;-148.91666666666666;;1;1
391.29884999999996;-148.58333333333334;;1;1
391.46551666666664;-145.91666666666666;;1;1
389.96551666666664;-143.25;;1;1
389.29884999999996;-143.58333333333334;;1;1
387.96551666666664;-146.25;;1;1
385.29884999999996;-147.25;;1;1
383.63218333333333;-146.58333333333334;;1;1
383.13218333333333;-144.58333333333334;;1;1
383.63218333333333;-142.25;;1;1
382.46551666666664;-144.75;;1;1
380.29884999999996;-147.41666666666666;;1;1
376.79884999999996;-147.41666666666666;;1;1
375.96551666666664;-147.08333333333334;;1;1
375.96551666666664;-145.75;;1;1
376.46551666666664;-144.58333333333334;;1;1
377.46551666666664;-144.58333333333334;;1;1
377.63218333333333;-144.41666666666666;;1;1
374.63218333333333;-145.91666666666666;;1;1
372.46551666666664;-145.58333333333334;;1;1
369.13218333333333;-146.25;;1;1
366.79884999999996;-145.25;;1;1
365.46551666666664;-143.91666666666666;;1;1
363.29884999999996;-143.58333333333334;;1;1
362.63218333333333;-142.08333333333334;;1;1
360.63218333333333;-139.75;;1;1
358.29884999999996;-138.75;;1;1
356.29884999999996;-136.08333333333334;;1;1
355.29884999999996;-135.25;;1;1
355.29884999999996;-134.58333333333334;;1;1
354.13218333333333;-132.58333333333334;;1;1
353.13218333333333;-130.08333333333334;;1;1
350.96551666666664;-128.75;;1;1
348.63218333333333;-128.08333333333334;;1;1
346.29884999999996;-126.91666666666667;;1;1
345.29884999999996;-127.41666666666667;;1;1
346.46551666666664;-126.58333333333333;;1;1
351.13218333333333;-115.08333333333333;;1;1
350.29884999999996;-116.25;;1;1
348.96551666666664;-117.58333333333333;;1;1
360.63218333333333;-112.25;;1;1
360.96551666666664;-111.75;;1;1
377.29884999999996;-111.75;;1;1
377.63218333333333;-112.41666666666667;;1;1
389.29884999999996;-105.58333333333333;;1;1
389.79884999999996;-104.91666666666667;;1;1
390.29884999999996;-103.91666666666667;;1;1
392.96551666666664;-106.91666666666667;;1;1
393.29884999999996;-106.58333333333333;;1;1
411.46551666666664;-131.25;;1;1
411.96551666666664;-131.25;;1;1
412.63218333333333;-130.58333333333334;;1;1
412.96551666666664;-129.91666666666666;;1;1
413.63218333333333;-129.08333333333334;;1;1
413.96551666666664;-128.41666666666666;;1;1
413.96551666666664;-127.25;;1;1
414.46551666666664;-126.75;;1;1
417.96551666666664;-125.58333333333333;;1;1
417.96551666666664;-125.25;;1;1
431.96551666666664;-124.08333333333333;;1;1
432.79884999999996;-125.25;;1;1
434.1321833333332;-125.24999999999999;;1;1
438.46551666666664;-125.75;;1;1
438.29884999999996;-126.25;;1;1
438.63218333333333;-125.58333333333333;;1;1
438.96551666666664;-126.25;;1;1
440.13218333333333;-126.08333333333333;;1;1
441.29884999999996;-125.25;;1;1
441.96551666666664;-125.91666666666667;;1;1
442.29884999999996;-126.25;;1;1
442.96551666666664;-126.58333333333333;;1;1
442.29884999999996;-137.58333333333334;;1;1
441.79884999999996;-137.58333333333334;;1;1
460.46551666666664;-145.58333333333334;;1;1
461.63218333333333;-145.41666666666666;;1;1
462.46551666666664;-145.58333333333334;;1;1
462.13218333333333;-145.58333333333334;;1;1
457.79884999999996;-139.08333333333334;;1;1
457.29884999999996;-137.25;;1;1
456.63218333333333;-137.41666666666666;;1;1
456.96551666666664;-135.08333333333334;;1;1
457.13218333333333;-133.91666666666666;;1;1
456.63218333333333;-132.91666666666666;;1;1
456.29884999999996;-132.08333333333334;;1;1
456.13218333333333;-131.58333333333334;;1;1
456.13218333333333;-130.91666666666666;;1;1
456.29884999999996;-129.25;;1;1
456.79884999999996;-129.08333333333334;;1;1
457.96551666666664;-128.75;;1;1
461.96551666666664;-127.41666666666667;;1;1
462.63218333333333;-128.58333333333334;;1;1
463.29884999999996;-129.58333333333334;;1;1
462.63218333333333;-130.41666666666666;;1;1
462.29884999999996;-130.75;;1;1
463.96551666666664;-130.75;;1;1
465.63218333333333;-130.91666666666666;;1;1
465.96551666666664;-131.58333333333334;;1;1
465.63218333333333;-129.91666666666666;;1;1
465.46551666666664;-128.91666666666666;;1;1
465.46551666666664;-127.75;;1;1
464.96551666666664;-127.08333333333333;;1;1
464.13218333333333;-126.58333333333333;;1;1
464.13218333333333;-125.41666666666667;;1;1
463.63218333333333;-125.08333333333333;;1;1
462.96551666666664;-124.25;;1;1
463.13218333333333;-123.41666666666667;;1;1
463.29884999999996;-123.25;;1;1
463.29884999999996;-122.41666666666667;;1;1
462.46551666666664;-120.08333333333333;;1;1
461.29884999999996;-120.41666666666667;;1;1
460.79884999999996;-120.25;;1;1
460.46551666666664;-119.41666666666667;;1;1
460.29884999999996;-118.75;;1;1
461.46551666666664;-118.08333333333333;;1;1
459.29884999999996;-117.08333333333333;;1;1
457.29884999999996;-117.08333333333333;;1;1
455.96551666666664;-116.58333333333333;;1;1
454.29884999999996;-116.58333333333333;;1;1
453.13218333333333;-116.58333333333333;;1;1
451.79884999999996;-116.75;;1;1
418.46551666666664;-143.41666666666666;;1;1
416.79884999999996;-143.91666666666666;;1;1
414.46551666666664;-144.25;;1;1
412.96551666666664;-143.75;;1;1
413.46551666666664;-144.25;;1;1
355.63218333333333;-151.91666666666666;;1;1
355.79884999999996;-150.91666666666666;;1;1
356.46551666666664;-144.41666666666666;;1;1
355.13218333333333;-144.08333333333334;;1;1
358.63218333333333;-144.58333333333334;;1;1
359.29884999999996;-144.58333333333334;;1;1
359.63218333333333;-146.08333333333334;;1;1
359.96551666666664;-145.25;;1;1
361.79884999999996;-143.41666666666666;;1;1
362.96551666666664;-141.75;;1;1
362.29884999999996;-140.08333333333334;;1;1
360.96551666666664;-137.91666666666666;;1;1
359.79884999999996;-137.75;;1;1
358.96551666666664;-137.25;;1;1
357.96551666666664;-136.41666666666666;;1;1
356.96551666666664;-135.75;;1;1
356.79884999999996;-135.41666666666666;;1;1
355.63218333333333;-134.25;;1;1
355.63218333333333;-134.91666666666666;;1;1
356.79884999999996;-136.25;;1;1
358.13218333333333;-137.75;;1;1
359.29884999999996;-138.25;;1;1
360.79884999999996;-138.91666666666666;;1;1
361.96551666666664;-139.41666666666666;;1;1
362.29884999999996;-140.75;;1;1
363.46551666666664;-141.58333333333334;;1;1
363.63218333333333;-141.75;;1;1
371.13218333333333;-153.25;;1;1
371.29884999999996;-153.41666666666666;;1;1
350.96551666666664;-162.91666666666666;;1;1
349.63218333333333;-162.58333333333334;;1;1
347.96551666666664;-162.41666666666666;;1;1
345.79884999999996;-162.91666666666666;;1;1
343.13218333333333;-171.25;;1;1
341.29884999999996;-170.75;;1;1
331.63218333333333;-159.25;;1;1
331.96551666666664;-157.58333333333334;;1;1
331.96551666666664;-155.58333333333334;;1;1
332.13218333333333;-153.58333333333334;;1;1
332.13218333333333;-151.41666666666666;;1;1
366.29884999999996;-93.58333333333333;;1;1
367.63218333333333;-94.41666666666667;;1;1
368.13218333333333;-93.25;;1;1
368.79884999999996;-91.91666666666667;;1;1
376.13218333333333;-84.75;;1;1
376.63218333333333;-83.75;;1;1
378.46551666666664;-83.58333333333333;;1;1
379.29884999999996;-84.91666666666667;;1;1
378.96551666666664;-95.25;;1;1
379.29884999999996;-94.75;;1;1
379.63218333333333;-94.75;;1;1
380.63218333333333;-95.91666666666667;;1;1
381.13218333333333;-96.58333333333333;;1;1
381.63218333333333;-98.08333333333333;;1;1
383.13218333333333;-101.75;;1;1
384.29884999999996;-101.08333333333333;;1;1
385.29884999999996;-100.41666666666667;;1;1
385.63218333333333;-100.08333333333333;;1;1
395.46551666666664;-162.91666666666666;;1;1
394.46551666666664;-162.25;;1;1
394.13218333333333;-162.41666666666666;;1;1
393.46551666666664;-162.75;;1;1
393.29884999999996;-162.91666666666666;;1;1
392.29884999999996;-162.91666666666666;;1;1
391.13218333333333;-162.91666666666666;;1;1
393.13218333333333;-155.91666666666666;;1;1
392.79884999999996;-150.25;;1;1
392.79884999999996;-150.25;;1;1
393.79884999999996;-149.75;;1;1
394.96551666666664;-149.08333333333334;;1;1
395.79884999999996;-149.25;;1;1
415.13218333333333;-144.91666666666666;;1;1
413.29884999999996;-144.41666666666666;;1;1
411.46551666666664;-144.41666666666666;;1;1
409.79884999999996;-144.08333333333334;;1;1
409.46551666666664;-142.91666666666666;;1;1
408.96551666666664;-141.25;;1;1
409.13218333333333;-140.25;;1;1
408.46551666666664;-140.41666666666666;;1;1
406.63218333333333;-139.58333333333334;;1;1
406.13218333333333;-138.91666666666666;;1;1
405.79884999999996;-137.91666666666666;;1;1
408.79884999999996;-135.75;;1;1
409.13218333333333;-135.41666666666666;;1;1
406.96551666666664;-133.25;;1;1
405.13218333333333;-131.41666666666666;;1;1
402.79884999999996;-130.75;;1;1
399.63218333333333;-130.75;;1;1
399.79884999999996;-132.58333333333334;;1;1
397.79884999999996;-133.08333333333334;;1;1
396.79884999999996;-132.75;;1;1
395.29884999999996;-131.75;;1;1
393.96551666666664;-133.08333333333334;;1;1
391.79884999999996;-133.58333333333334;;1;1
390.29884999999996;-134.08333333333334;;1;1
389.79884999999996;-134.58333333333334;;1;1
389.63218333333333;-116.41666666666667;;1;1
389.63218333333333;-115.41666666666667;;1;1
389.13218333333333;-115.58333333333333;;1;1
388.79884999999996;-117.75;;1;1
388.29884999999996;-117.58333333333333;;1;1
388.29884999999996;-114.58333333333333;;1;1
387.79884999999996;-116.25;;1;1
387.79884999999996;-117.75;;1;1
387.46551666666664;-118.08333333333333;;1;1
384.96551666666664;-117.58333333333333;;1;1
383.63218333333333;-118.25;;1;1
381.79884999999996;-117.91666666666667;;1;1
381.29884999999996;-117.75;;1;1
380.63218333333333;-117.41666666666667;;1;1
380.46551666666664;-117.41666666666667;;1;1
380.46551666666664;-117.25;;1;1
380.46551666666664;-117.25;;1;1
380.46551666666664;-117.75;;1;1
380.79884999999996;-118.41666666666667;;1;1
381.63218333333333;-116.25;;1;1
381.63218333333333;-115.25;;1;1
381.63218333333333;-112.91666666666667;;1;1
381.63218333333333;-111.58333333333333;;1;1
380.13218333333333;-108.91666666666667;;1;1
379.63218333333333;-107.25;;1;1
378.13218333333333;-105.91666666666667;;1;1
375.63218333333333;-106.25;;1;1
375.46551666666664;-105.58333333333333;;1;1
375.46551666666664;-105.58333333333333;;1;1
371.13218333333333;-105.91666666666667;;1;1
369.46551666666664;-104.91666666666667;;1;1
369.46551666666664;-103.25;;1;1
369.46551666666664;-101.75;;1;1
369.79884999999996;-100.41666666666667;;1;1
370.13218333333333;-99.75;;1;1
